{
    "spriteSheet": "overworld",
"Levelbck": [
{
    "brick": "bgr",
    "dimensions": [
           [
            0, 212, 
            0, 14
                  ]
           ]
        },
        {   
        "brick": "path",
        "type": "path",
        "dimensions": [
            [
                0, 212,
                12, 2 
            ]
        ]
        },
        {
    "brick": "bgr",
    "dimensions": [
           [
            20, 2, 
            12, 2
                  ]
           ]
           
        },
        {   
        "brick": "path",
        "type": "path",
        "dimensions": [
            [
                5,3,9 
            ], 
            [
                12,6,11
            ],
            [
                2,
                11 
            ], 
            [
                5,
                5 
            ],           
            [
                10,2,2
            ],
            [
                9,1,
                0,7
            ]
        
                        ]
        }, 
		{ 
		"brick": "path",
        "type": "path",
        "dimensions": [
		[
          [
                    27, 5,
                    9
                ],
                [
                    83, 3,
                    9
                ],
                [
                    86, 6,
                    5
                ],
                [
                    96, 3,
                    5
                ],
                [
                    99, 9
                ],
                [
                    105, 2,
                    9
                ],
                [
                    123, 5
                ],
                [
                    126, 3,
                    5
                ],
                [
                    132, 4,
                    5
                ],
                [
                    133, 2,
                    9
                ],
                [
                    171, 4,
                    9
                ]
            ]
        
		},
		  {
            "brick": "chance",
            "type": "path",
            "dimensions": [
                [23, 9],
                [28, 9],
                [30, 9],
                [29, 5],
                [84, 9],
                [99, 5],

                [114, 5],
                [111, 9],
                [114, 9],
                [117, 9],

                [133, 2, 5],

                [173, 9]

            ]
        },
		 {
            "brick": "chocolate",
            "type": "path",
            "dimensions": [
                [141, 1, 9],
                [140, 2, 10],
                [139, 3, 11],
                [138, 4, 12],

                [144, 1, 9],
                [144, 2, 10],
                [144, 3, 11],
                [144, 4, 12],

                [155, 2, 9],
                [154, 3, 10],
                [153, 4, 11],
                [152, 5, 12],

                [159, 1, 9],
                [159, 2, 10],
                [159, 3, 11],
                [159, 4, 12],

                [191, 2, 5],
                [190, 3, 6],
                [189, 4, 7],
                [188, 5, 8],
                [187, 6, 9],
                [186, 7, 10],
                [185, 8, 11],
                [184, 9, 12]
            ]
        }
		
		
    ]
}