{
"Levelbck": [
{
    "brick": "bgr",
    "dimensions": [
           [
            0, 212, 
            0, 14
                  ]
           ]
        },
        {   
        "brick": "path",
        "dimensions": [
            [
                0, 212,
                12, 2 
            ]
        ]
        },
        {
    "brick": "bgr",
    "dimensions": [
           [
            20, 2, 
            12, 2
                  ]
           ]
           
        },
        {   
        "brick": "path",
        "dimensions": [
            [
                5,3,9 
            ], 
            [
                12,6,11
            ],
            [
                2,
                11 
            ], 
            [
                5,
                5 
            ],           
            [
                10,2,2
            ],
            [
                9,1,
                0,7
            ]
        
                        ]
        }
    ]
}